criterion,keep,k,view,seed,n,kl,agree,acc,teacher_gflops,criterion_gflops,oracle_overlap
maskedkd,1,196,train_view,,4795,0,1,0.98853,17.5631,0.0218,
maskedkd,0.7,137,train_view,,4795,0.0030143,0.996455,0.985819,12.1876,0.0218,
maskedkd,0.5,98,train_view,,4795,0.0130152,0.990615,0.98123,8.7048,0.0218,
maskedkd,0.3,59,train_view,,4795,0.0760717,0.963087,0.953702,5.278,0.0218,
maskedkd,0.15,29,train_view,,4795,0.273761,0.875495,0.870282,2.6802,0.0218,
rollout,1,196,train_view,,4795,0,1,0.98853,17.5631,0.435,
rollout,0.7,137,train_view,,4795,0.00248504,0.997289,0.986653,12.1876,0.435,
rollout,0.5,98,train_view,,4795,0.00743793,0.994161,0.985193,8.7048,0.435,
rollout,0.3,59,train_view,,4795,0.0360556,0.980813,0.971846,5.278,0.435,
rollout,0.15,29,train_view,,4795,0.151015,0.934724,0.92659,2.6802,0.435,
random,1,196,train_view,0,4795,0,1,0.98853,17.5631,0,
random,1,196,train_view,1,4795,0,1,0.98853,17.5631,0,
random,1,196,train_view,2,4795,0,1,0.98853,17.5631,0,
random,0.7,137,train_view,0,4795,0.0121717,0.992075,0.983525,12.1876,0,
random,0.7,137,train_view,1,4795,0.00686007,0.994578,0.98561,12.1876,0,
random,0.7,137,train_view,2,4795,0.0105871,0.991658,0.983107,12.1876,0,
random,0.5,98,train_view,0,4795,0.037492,0.981022,0.973723,8.7048,0,
random,0.5,98,train_view,1,4795,0.0280113,0.983107,0.975391,8.7048,0,
random,0.5,98,train_view,2,4795,0.03517,0.980605,0.972471,8.7048,0,
random,0.3,59,train_view,0,4795,0.111461,0.951616,0.943483,5.278,0,
random,0.3,59,train_view,1,4795,0.101903,0.953076,0.947862,5.278,0,
random,0.3,59,train_view,2,4795,0.102861,0.954745,0.947862,5.278,0,
random,0.15,29,train_view,0,4795,0.239608,0.888634,0.885923,2.6802,0,
random,0.15,29,train_view,1,4795,0.2413,0.895308,0.891345,2.6802,0,
random,0.15,29,train_view,2,4795,0.23432,0.891345,0.885297,2.6802,0,
teacher_cache:attn_last,1,196,train_view,,4795,0,1,0.98853,17.5631,0,1
teacher_cache:attn_last,0.7,137,train_view,,4795,0.00645021,0.99562,0.985819,12.1876,0,0.767439
teacher_cache:attn_last,0.5,98,train_view,,4795,0.0217534,0.98999,0.980188,8.7048,0,0.648143
teacher_cache:attn_last,0.3,59,train_view,,4795,0.0648098,0.966215,0.957664,5.278,0,0.534246
teacher_cache:attn_last,0.15,29,train_view,,4795,0.201127,0.907821,0.901773,2.6802,0,0.391421
teacher_cache:rollout,1,196,train_view,,4795,0,1,0.98853,17.5631,0,1
teacher_cache:rollout,0.7,137,train_view,,4795,0.00705822,0.995412,0.985193,12.1876,0,0.772811
teacher_cache:rollout,0.5,98,train_view,,4795,0.0267417,0.98415,0.976017,8.7048,0,0.648633
teacher_cache:rollout,0.3,59,train_view,,4795,0.0843098,0.956621,0.948905,5.278,0,0.522737
teacher_cache:rollout,0.15,29,train_view,,4795,0.231034,0.888217,0.883003,2.6802,0,0.401676
teacher_oracle:attn_last,1,196,train_view,,4795,0,1,0.98853,17.5631,22.1879,
teacher_oracle:attn_last,0.7,137,train_view,,4795,0.00293048,0.996455,0.986653,12.1876,22.1879,
teacher_oracle:attn_last,0.5,98,train_view,,4795,0.0117334,0.990198,0.982065,8.7048,22.1879,
teacher_oracle:attn_last,0.3,59,train_view,,4795,0.0535283,0.975182,0.965381,5.278,22.1879,
teacher_oracle:attn_last,0.15,29,train_view,,4795,0.207199,0.907612,0.90073,2.6802,22.1879,
teacher_oracle:rollout,1,196,train_view,,4795,0,1,0.98853,17.5631,22.1879,
teacher_oracle:rollout,0.7,137,train_view,,4795,0.00494925,0.996455,0.985401,12.1876,22.1879,
teacher_oracle:rollout,0.5,98,train_view,,4795,0.0169664,0.992701,0.982899,8.7048,22.1879,
teacher_oracle:rollout,0.3,59,train_view,,4795,0.0697495,0.966423,0.959124,5.278,22.1879,
teacher_oracle:rollout,0.15,29,train_view,,4795,0.206188,0.903024,0.89781,2.6802,22.1879,
maskedkd,1,196,test_clean,,5794,0,1,0.936313,17.5631,0.0218,
maskedkd,0.7,137,test_clean,,5794,0.00975217,0.988609,0.936313,12.1876,0.0218,
maskedkd,0.5,98,test_clean,,5794,0.0291193,0.978253,0.935968,8.7048,0.0218,
maskedkd,0.3,59,test_clean,,5794,0.105321,0.951329,0.92941,5.278,0.0218,
maskedkd,0.15,29,test_clean,,5794,0.33245,0.865033,0.850017,2.6802,0.0218,
rollout,1,196,test_clean,,5794,0,1,0.936313,17.5631,0.435,
rollout,0.7,137,test_clean,,5794,0.00779502,0.990335,0.941146,12.1876,0.435,
rollout,0.5,98,test_clean,,5794,0.0268313,0.977563,0.940801,8.7048,0.435,
rollout,0.3,59,test_clean,,5794,0.0864183,0.958405,0.937176,5.278,0.435,
rollout,0.15,29,test_clean,,5794,0.204141,0.915775,0.910425,2.6802,0.435,
random,1,196,test_clean,0,5794,0,1,0.936313,17.5631,0,
random,1,196,test_clean,1,5794,0,1,0.936313,17.5631,0,
random,1,196,test_clean,2,5794,0,1,0.936313,17.5631,0,
random,0.7,137,test_clean,0,5794,0.0372237,0.971695,0.921816,12.1876,0,
random,0.7,137,test_clean,1,5794,0.035864,0.970659,0.925268,12.1876,0,
random,0.7,137,test_clean,2,5794,0.0375878,0.970832,0.920262,12.1876,0,
random,0.5,98,test_clean,0,5794,0.101844,0.946842,0.900414,8.7048,0,
random,0.5,98,test_clean,1,5794,0.10009,0.945461,0.905937,8.7048,0,
random,0.5,98,test_clean,2,5794,0.107416,0.945979,0.901277,8.7048,0,
random,0.3,59,test_clean,0,5794,0.308435,0.880911,0.837936,5.278,0,
random,0.3,59,test_clean,1,5794,0.29263,0.886779,0.850017,5.278,0,
random,0.3,59,test_clean,2,5794,0.295613,0.888505,0.845875,5.278,0,
random,0.15,29,test_clean,0,5794,0.543534,0.778219,0.741111,2.6802,0,
random,0.15,29,test_clean,1,5794,0.533488,0.78961,0.756645,2.6802,0,
random,0.15,29,test_clean,2,5794,0.548568,0.77632,0.740939,2.6802,0,
teacher_oracle:attn_last,1,196,test_clean,,5794,0,1,0.936313,17.5631,22.1879,
teacher_oracle:attn_last,0.7,137,test_clean,,5794,0.00853014,0.987056,0.938212,12.1876,22.1879,
teacher_oracle:attn_last,0.5,98,test_clean,,5794,0.0297188,0.977563,0.939765,8.7048,22.1879,
teacher_oracle:attn_last,0.3,59,test_clean,,5794,0.094936,0.953573,0.931653,5.278,22.1879,
teacher_oracle:attn_last,0.15,29,test_clean,,5794,0.274926,0.888333,0.870556,2.6802,22.1879,
teacher_oracle:rollout,1,196,test_clean,,5794,0,1,0.936313,17.5631,22.1879,
teacher_oracle:rollout,0.7,137,test_clean,,5794,0.0164634,0.981878,0.933379,12.1876,22.1879,
teacher_oracle:rollout,0.5,98,test_clean,,5794,0.0559094,0.965654,0.92475,8.7048,22.1879,
teacher_oracle:rollout,0.3,59,test_clean,,5794,0.162882,0.925785,0.893856,5.278,22.1879,
teacher_oracle:rollout,0.15,29,test_clean,,5794,0.342304,0.837936,0.810494,2.6802,22.1879,
