epoch,lr,train_loss,train_ce,train_kd,train_acc,val_acc,epoch_time_s,mask_agree
0,1e-06,0.62040,0.67339,0.56742,60.557,57.131,31.2,0.9766
1,1.08e-05,0.44882,0.54167,0.35597,77.745,67.223,31.1,0.9844
2,2.06e-05,0.33847,0.45617,0.22076,81.651,63.386,29.1,0.9375
3,3.04e-05,0.31011,0.43158,0.18865,80.891,74.562,29.2,0.9766
4,4.02e-05,0.30213,0.43735,0.16691,81.524,77.815,29.0,0.9531
5,4.96953e-05,0.29418,0.42986,0.15851,80.680,81.735,29.7,0.9766
6,4.95616e-05,0.28685,0.42744,0.14625,85.093,85.905,27.8,0.9531
7,4.94039e-05,0.28691,0.42254,0.15129,82.601,83.903,27.7,0.9531
8,4.92224e-05,0.28260,0.42559,0.13961,82.369,85.988,28.9,0.9688
9,4.90173e-05,0.27862,0.41950,0.13773,84.586,85.238,28.2,0.9609
10,4.87886e-05,0.27715,0.42275,0.13156,83.868,86.489,28.5,0.9844
11,4.85368e-05,0.27511,0.42142,0.12881,86.444,87.740,28.3,0.9922
12,4.8262e-05,0.26964,0.41146,0.12782,82.369,87.907,28.5,0.9609
13,4.79644e-05,0.25373,0.39299,0.11448,84.607,87.156,27.9,0.9922
14,4.76445e-05,0.26976,0.41212,0.12740,85.938,85.655,28.2,0.9766
15,4.73024e-05,0.27379,0.41903,0.12854,81.820,82.986,28.7,0.9688
16,4.69386e-05,0.26106,0.39695,0.12518,86.677,89.408,29.8,0.9922
17,4.65534e-05,0.26165,0.40500,0.11831,83.847,85.488,28.0,0.9922
18,4.61471e-05,0.25427,0.39571,0.11283,85.726,90.575,30.1,0.9844
19,4.57202e-05,0.24549,0.38083,0.11016,83.594,89.658,28.8,0.9922
20,4.52732e-05,0.27418,0.42357,0.12480,85.051,88.907,29.0,0.9844
21,4.48063e-05,0.25159,0.38673,0.11646,84.945,86.739,28.4,0.9453
22,4.43202e-05,0.26073,0.41038,0.11108,87.226,87.323,28.9,0.9453
23,4.38152e-05,0.26661,0.40866,0.12457,84.861,90.742,27.9,0.9766
24,4.3292e-05,0.26144,0.40660,0.11628,85.156,90.075,28.4,0.9922
25,4.27509e-05,0.24275,0.37641,0.10908,86.064,89.908,27.9,0.9531
26,4.21925e-05,0.26152,0.40761,0.11543,86.106,87.907,28.6,0.9766
27,4.16175e-05,0.25416,0.39899,0.10934,83.742,89.908,28.5,0.9922
28,4.10262e-05,0.25667,0.40124,0.11210,88.915,87.573,29.3,0.9922
29,4.04194e-05,0.25735,0.40456,0.11014,81.947,88.240,28.7,0.9766
30,3.97977e-05,0.24337,0.38492,0.10182,85.473,91.243,27.9,1.0000
31,3.91616e-05,0.24844,0.39055,0.10634,86.824,89.324,28.2,0.9688
32,3.85117e-05,0.25389,0.39770,0.11008,87.627,88.657,28.2,0.9688
33,3.78488e-05,0.25831,0.40758,0.10904,84.502,87.406,27.5,0.9844
34,3.71734e-05,0.25644,0.39813,0.11475,84.312,90.575,27.4,0.9297
35,3.64863e-05,0.25407,0.39613,0.11202,83.129,86.405,28.1,0.9688
36,3.5788e-05,0.25438,0.39748,0.11127,86.423,90.492,28.5,0.9062
37,3.50794e-05,0.25247,0.39629,0.10865,82.285,90.158,28.7,0.9688
38,3.43611e-05,0.26017,0.40353,0.11682,80.870,89.658,27.0,0.9531
39,3.36338e-05,0.25546,0.39985,0.11106,89.337,91.076,27.5,0.9688
40,3.28982e-05,0.24581,0.38620,0.10541,86.043,88.824,28.9,0.9531
41,3.2155e-05,0.24173,0.38095,0.10252,84.649,89.158,27.9,0.9766
42,3.14051e-05,0.25582,0.40591,0.10573,87.373,90.659,27.7,0.9766
43,3.0649e-05,0.25077,0.39433,0.10722,85.008,90.075,28.4,0.9453
44,2.98877e-05,0.26143,0.40877,0.11408,82.918,87.573,28.0,0.9766
45,2.91218e-05,0.25144,0.39568,0.10719,80.701,90.742,27.8,0.9922
46,2.8352e-05,0.26623,0.41472,0.11775,79.624,88.824,28.2,0.9844
47,2.75792e-05,0.26016,0.40916,0.11115,83.594,90.909,27.7,0.9844
48,2.68041e-05,0.24493,0.38650,0.10337,84.692,90.242,27.6,0.9375
49,2.60274e-05,0.26783,0.41666,0.11900,80.004,89.908,28.1,0.9219
50,2.525e-05,0.24571,0.38576,0.10567,85.747,89.658,28.3,0.9375
51,2.44726e-05,0.25737,0.40487,0.10988,82.475,89.992,29.1,0.9844
52,2.36959e-05,0.25635,0.40117,0.11153,82.432,90.325,28.3,0.9922
53,2.29208e-05,0.25126,0.39495,0.10757,86.508,89.741,28.8,0.9219
54,2.2148e-05,0.25216,0.40123,0.10308,82.095,90.575,27.7,0.9609
55,2.13782e-05,0.24606,0.38801,0.10411,85.705,90.325,27.6,0.9766
56,2.06123e-05,0.24227,0.38527,0.09927,86.381,89.491,27.7,0.9688
57,1.9851e-05,0.25896,0.40696,0.11096,84.671,89.741,28.3,0.9844
58,1.90949e-05,0.24917,0.39799,0.10035,82.475,89.741,28.5,0.9375
59,1.8345e-05,0.25887,0.40435,0.11339,82.411,90.158,27.6,0.9062
60,1.76018e-05,0.24685,0.38490,0.10881,88.514,91.243,27.9,0.9141
61,1.68662e-05,0.24320,0.38361,0.10280,83.488,91.326,27.5,0.9453
62,1.61389e-05,0.25890,0.40896,0.10884,86.719,90.659,27.6,0.9922
63,1.54206e-05,0.25973,0.40806,0.11140,86.719,90.826,27.7,0.9141
64,1.4712e-05,0.24548,0.38783,0.10314,82.770,89.741,28.8,0.9766
65,1.40137e-05,0.23699,0.37174,0.10225,87.352,90.742,27.8,0.9375
66,1.33266e-05,0.24633,0.39125,0.10141,87.394,90.992,28.0,0.9688
67,1.26512e-05,0.25192,0.39731,0.10653,85.177,90.909,27.9,0.9688
68,1.19883e-05,0.24769,0.39117,0.10421,87.057,90.242,29.2,0.9297
69,1.13384e-05,0.24857,0.39242,0.10473,84.924,91.076,30.0,0.9219
70,1.07023e-05,0.25635,0.40744,0.10526,84.544,91.410,29.0,0.9688
71,1.00806e-05,0.25187,0.40036,0.10339,83.636,91.827,29.2,0.9844
72,9.47376e-06,0.25655,0.40787,0.10523,84.924,90.826,28.9,0.9688
73,8.88253e-06,0.23932,0.37653,0.10211,85.452,90.742,28.6,0.9375
74,8.30746e-06,0.24763,0.39470,0.10056,90.139,92.077,29.4,0.9297
75,7.74911e-06,0.24384,0.38970,0.09797,86.128,91.410,29.0,0.9531
76,7.20803e-06,0.24986,0.38846,0.11126,88.450,91.743,28.4,0.9688
77,6.68475e-06,0.24443,0.38869,0.10018,84.164,90.909,29.2,0.9531
78,6.1798e-06,0.24599,0.38939,0.10259,87.416,90.659,30.0,0.9844
79,5.69366e-06,0.24413,0.38888,0.09938,87.542,90.409,29.5,0.9453
80,5.22683e-06,0.25186,0.39891,0.10481,85.705,90.742,28.3,0.9766
81,4.77976e-06,0.24922,0.39769,0.10076,85.262,90.909,28.7,0.9844
82,4.35288e-06,0.24542,0.39094,0.09991,85.938,91.159,28.5,0.9844
83,3.94663e-06,0.24220,0.38353,0.10087,86.529,91.076,29.0,0.9609
84,3.56141e-06,0.24202,0.38763,0.09641,86.930,90.826,28.6,0.9219
85,3.19759e-06,0.24384,0.38925,0.09844,86.803,90.742,28.8,0.9219
86,2.85553e-06,0.24698,0.39136,0.10259,85.241,90.992,28.3,0.9219
87,2.53557e-06,0.25526,0.40892,0.10160,83.235,91.410,28.3,0.9297
88,2.23803e-06,0.25522,0.40237,0.10807,83.910,91.493,28.6,0.9766
89,1.9632e-06,0.24679,0.39547,0.09810,88.471,91.410,28.3,0.9609
90,1.71135e-06,0.24676,0.39042,0.10309,86.423,91.159,27.9,0.9688
91,1.48273e-06,0.25480,0.40562,0.10399,84.987,91.326,29.8,0.9219
92,1.27757e-06,0.23588,0.37551,0.09625,85.895,91.159,27.5,0.9766
93,1.09606e-06,0.23715,0.38066,0.09365,87.690,91.326,28.4,0.9844
94,9.38391e-07,0.25603,0.40691,0.10515,84.143,91.243,27.8,0.9688
95,8.04714e-07,0.25029,0.40160,0.09897,84.354,91.243,29.0,0.9766
96,6.95161e-07,0.24577,0.38906,0.10248,85.895,91.076,27.4,0.9844
97,6.09841e-07,0.25215,0.39894,0.10536,86.275,91.243,27.7,0.9375
98,5.48838e-07,0.25439,0.40738,0.10140,82.728,91.159,27.8,0.9922
99,5.12213e-07,0.24767,0.39284,0.10250,82.348,91.243,27.4,0.9766
