epoch,lr,train_loss,train_ce,train_kd,train_acc,val_acc,epoch_time_s,mask_agree,tam_gap_ratio,mean_k,bucket_k,teacher_gflops,cache_oracle_overlap
0,1e-06,0.61371,0.67342,0.55400,60.536,57.298,26.9,0.9531,0.1000,59.000,59/59/59,5.2780,0.5487
1,1.08e-05,0.44682,0.54164,0.35201,77.851,66.806,28.0,0.9609,0.1040,59.000,59/59/59,5.2780,0.5544
2,2.06e-05,0.33763,0.45556,0.21970,81.546,63.219,28.5,0.9297,0.1081,59.000,59/59/59,5.2780,0.5367
3,3.04e-05,0.31031,0.42948,0.19114,80.743,75.396,25.4,0.9609,0.1121,59.000,59/59/59,5.2780,0.5233
4,4.02e-05,0.30531,0.43459,0.17603,81.693,79.149,28.3,0.8750,0.1162,59.000,59/59/59,5.2780,0.5192
5,4.96953e-05,0.29528,0.42819,0.16237,80.891,82.402,29.2,0.9531,0.1202,59.000,59/59/59,5.2780,0.5356
6,4.95616e-05,0.29120,0.42420,0.15820,85.220,84.404,28.3,0.9141,0.1242,59.000,59/59/59,5.2780,0.5217
7,4.94039e-05,0.28405,0.41740,0.15070,82.285,86.072,28.3,0.9141,0.1283,59.000,59/59/59,5.2780,0.5131
8,4.92224e-05,0.28872,0.42395,0.15348,82.306,85.988,27.8,0.9375,0.1323,59.000,59/59/59,5.2780,0.5421
9,4.90173e-05,0.28169,0.41697,0.14642,84.586,85.822,29.0,0.9766,0.1364,59.000,59/59/59,5.2780,0.5310
10,4.87886e-05,0.28345,0.42159,0.14532,83.763,86.155,27.3,0.9219,0.1404,59.000,59/59/59,5.2780,0.5396
11,4.85368e-05,0.28281,0.41874,0.14688,86.064,87.740,26.7,0.9531,0.1444,59.000,59/59/59,5.2780,0.5373
12,4.8262e-05,0.27284,0.40813,0.13755,82.137,88.657,27.0,0.9609,0.1485,59.000,59/59/59,5.2780,0.5167
13,4.79644e-05,0.26361,0.39215,0.13507,84.122,87.156,27.8,0.9609,0.1525,59.000,59/59/59,5.2780,0.5294
14,4.76445e-05,0.27587,0.41009,0.14165,85.916,86.489,28.6,0.9766,0.1566,59.000,59/59/59,5.2780,0.5693
15,4.73024e-05,0.27821,0.41731,0.13911,81.757,83.820,27.9,0.9609,0.1606,59.000,59/59/59,5.2780,0.5197
16,4.69386e-05,0.26654,0.39520,0.13788,86.465,88.073,27.9,0.9141,0.1646,59.000,59/59/59,5.2780,0.5379
17,4.65534e-05,0.26737,0.40222,0.13252,83.340,84.320,27.1,0.9688,0.1687,59.000,59/59/59,5.2780,0.5538
18,4.61471e-05,0.25973,0.39504,0.12441,85.790,90.409,28.0,0.9531,0.1727,59.000,59/59/59,5.2780,0.5229
19,4.57202e-05,0.25235,0.38162,0.12308,83.573,88.907,27.4,0.9688,0.1768,59.000,59/59/59,5.2780,0.5155
20,4.52732e-05,0.28035,0.42262,0.13808,84.586,89.408,27.2,0.9688,0.1808,59.000,59/59/59,5.2780,0.5281
21,4.48063e-05,0.25722,0.38415,0.13030,84.840,86.322,27.9,0.9453,0.1848,59.000,59/59/59,5.2780,0.5473
22,4.43202e-05,0.26848,0.40976,0.12720,86.803,88.324,28.2,0.8906,0.1889,59.000,59/59/59,5.2780,0.5404
23,4.38152e-05,0.27239,0.40646,0.13833,84.734,90.075,29.4,0.9688,0.1929,59.000,59/59/59,5.2780,0.5375
24,4.3292e-05,0.26814,0.40483,0.13145,85.494,89.658,28.0,0.9688,0.1970,59.000,59/59/59,5.2780,0.5309
25,4.27509e-05,0.24647,0.37529,0.11764,85.663,90.742,27.3,0.9375,0.2010,59.000,59/59/59,5.2780,0.5383
26,4.21925e-05,0.26780,0.40547,0.13012,85.410,89.908,28.7,0.9219,0.2051,59.000,59/59/59,5.2780,0.5215
27,4.16175e-05,0.26272,0.39766,0.12777,83.277,89.908,27.1,0.9531,0.2091,59.000,59/59/59,5.2780,0.5454
28,4.10262e-05,0.26486,0.40042,0.12931,88.704,87.740,28.0,0.9688,0.2131,59.000,59/59/59,5.2780,0.5237
29,4.04194e-05,0.26069,0.40211,0.11926,81.609,88.907,28.3,0.9688,0.2172,59.000,59/59/59,5.2780,0.5117
30,3.97977e-05,0.25121,0.38350,0.11891,85.262,90.826,28.3,0.9922,0.2212,59.000,59/59/59,5.2780,0.5354
31,3.91616e-05,0.25461,0.39114,0.11807,86.465,89.074,28.2,0.9531,0.2253,59.000,59/59/59,5.2780,0.5559
32,3.85117e-05,0.26139,0.39734,0.12544,87.901,88.073,28.5,0.9141,0.2293,59.000,59/59/59,5.2780,0.5324
33,3.78488e-05,0.26541,0.40701,0.12381,84.354,88.157,29.9,0.9609,0.2333,59.000,59/59/59,5.2780,0.5136
34,3.71734e-05,0.26049,0.39582,0.12515,84.227,90.242,28.0,0.9219,0.2374,59.000,59/59/59,5.2780,0.5387
35,3.64863e-05,0.25713,0.39378,0.12048,82.897,88.324,28.7,0.9141,0.2414,59.000,59/59/59,5.2780,0.5338
36,3.5788e-05,0.26053,0.39739,0.12367,85.895,90.742,29.1,0.7969,0.2455,59.000,59/59/59,5.2780,0.5348
37,3.50794e-05,0.25695,0.39583,0.11808,82.411,89.825,27.7,0.9219,0.2495,59.000,59/59/59,5.2780,0.5201
38,3.43611e-05,0.26445,0.40428,0.12463,80.384,88.240,28.3,0.9062,0.2535,59.000,59/59/59,5.2780,0.5399
39,3.36338e-05,0.26332,0.39992,0.12673,89.231,91.993,28.6,0.9453,0.2576,59.000,59/59/59,5.2780,0.5343
40,3.28982e-05,0.25268,0.38410,0.12126,85.959,88.407,29.1,0.9141,0.2616,59.000,59/59/59,5.2780,0.5114
41,3.2155e-05,0.24708,0.37973,0.11443,84.333,89.908,28.2,0.9375,0.2657,59.000,59/59/59,5.2780,0.5512
42,3.14051e-05,0.26174,0.40415,0.11933,86.761,90.659,27.8,0.9453,0.2697,59.000,59/59/59,5.2780,0.5478
43,3.0649e-05,0.25635,0.39285,0.11984,84.924,89.825,28.5,0.9688,0.2737,59.000,59/59/59,5.2780,0.5189
44,2.98877e-05,0.26841,0.41055,0.12627,82.686,90.409,29.2,0.9766,0.2778,59.000,59/59/59,5.2780,0.5369
45,2.91218e-05,0.25788,0.39490,0.12086,80.617,89.908,27.2,0.9922,0.2818,59.000,59/59/59,5.2780,0.5281
46,2.8352e-05,0.27043,0.41427,0.12659,79.350,89.241,28.1,0.9609,0.2859,59.000,59/59/59,5.2780,0.5236
47,2.75792e-05,0.26843,0.40950,0.12735,83.742,91.243,28.1,0.9766,0.2899,59.000,59/59/59,5.2780,0.5185
48,2.68041e-05,0.25129,0.38546,0.11712,84.375,90.575,29.7,0.8906,0.2939,59.000,59/59/59,5.2780,0.5271
49,2.60274e-05,0.27331,0.41660,0.13003,79.561,89.575,28.2,0.8828,0.2980,59.000,59/59/59,5.2780,0.5311
50,2.525e-05,0.25059,0.38461,0.11657,85.304,90.075,28.7,0.9609,0.3020,59.000,59/59/59,5.2780,0.5433
51,2.44726e-05,0.26441,0.40511,0.12370,82.285,89.408,28.1,0.9688,0.3061,59.000,59/59/59,5.2780,0.5425
52,2.36959e-05,0.26013,0.39969,0.12057,82.517,89.575,29.3,0.9766,0.3101,59.000,59/59/59,5.2780,0.5130
53,2.29208e-05,0.25840,0.39321,0.12359,86.170,89.908,28.1,0.9141,0.3141,59.000,59/59/59,5.2780,0.5228
54,2.2148e-05,0.26107,0.39979,0.12235,82.073,90.409,27.5,0.9062,0.3182,59.000,59/59/59,5.2780,0.5244
55,2.13782e-05,0.25023,0.38843,0.11204,85.367,89.908,29.2,0.9531,0.3222,59.000,59/59/59,5.2780,0.5363
56,2.06123e-05,0.24919,0.38581,0.11257,86.360,89.074,29.4,0.9531,0.3263,59.000,59/59/59,5.2780,0.5204
57,1.9851e-05,0.26663,0.40686,0.12640,84.037,91.410,28.0,0.9219,0.3303,59.000,59/59/59,5.2780,0.5367
58,1.90949e-05,0.25550,0.39613,0.11486,82.538,89.158,29.8,0.9531,0.3343,59.000,59/59/59,5.2780,0.5310
59,1.8345e-05,0.26530,0.40336,0.12724,82.306,90.075,28.3,0.8750,0.3384,59.000,59/59/59,5.2780,0.5581
60,1.76018e-05,0.24981,0.38413,0.11550,88.112,90.325,29.9,0.9141,0.3424,59.000,59/59/59,5.2780,0.5135
61,1.68662e-05,0.25132,0.38291,0.11972,83.129,90.742,29.9,0.9219,0.3465,59.000,59/59/59,5.2780,0.5520
62,1.61389e-05,0.26617,0.40898,0.12336,85.705,91.326,28.9,0.9688,0.3505,59.000,59/59/59,5.2780,0.5412
63,1.54206e-05,0.26693,0.40751,0.12634,86.951,90.909,28.5,0.8906,0.3545,59.000,59/59/59,5.2780,0.5371
64,1.4712e-05,0.25294,0.38675,0.11912,83.129,90.075,28.0,0.9531,0.3586,59.000,59/59/59,5.2780,0.5261
65,1.40137e-05,0.24104,0.37153,0.11054,87.057,89.158,27.3,0.9531,0.3626,59.000,59/59/59,5.2780,0.5228
66,1.33266e-05,0.25179,0.39198,0.11159,86.993,90.826,27.4,0.9219,0.3667,59.000,59/59/59,5.2780,0.5122
67,1.26512e-05,0.25999,0.39815,0.12183,84.966,90.742,28.2,0.9062,0.3707,59.000,59/59/59,5.2780,0.5262
68,1.19883e-05,0.25357,0.39152,0.11563,86.972,90.575,28.9,0.8906,0.3747,59.000,59/59/59,5.2780,0.5420
69,1.13384e-05,0.25388,0.39034,0.11743,84.987,90.909,28.6,0.9062,0.3788,59.000,59/59/59,5.2780,0.5278
70,1.07023e-05,0.26324,0.40581,0.12068,83.889,90.826,30.0,0.9219,0.3828,59.000,59/59/59,5.2780,0.5330
71,1.00806e-05,0.25748,0.39899,0.11596,83.509,92.160,28.0,0.9609,0.3869,59.000,59/59/59,5.2780,0.5404
72,9.47376e-06,0.26346,0.40820,0.11872,84.438,90.742,26.5,0.9609,0.3909,59.000,59/59/59,5.2780,0.5466
73,8.88253e-06,0.24618,0.37679,0.11557,85.367,90.409,28.2,0.9219,0.3949,59.000,59/59/59,5.2780,0.5192
74,8.30746e-06,0.25540,0.39267,0.11813,90.160,90.659,28.4,0.9531,0.3990,59.000,59/59/59,5.2780,0.5463
75,7.74911e-06,0.25056,0.38762,0.11350,86.128,91.243,28.2,0.9688,0.4030,59.000,59/59/59,5.2780,0.5372
76,7.20803e-06,0.25455,0.38893,0.12017,88.197,92.077,27.1,0.9531,0.4071,59.000,59/59/59,5.2780,0.5289
77,6.68475e-06,0.25001,0.38707,0.11295,84.079,90.158,27.6,0.8906,0.4111,59.000,59/59/59,5.2780,0.5155
78,6.1798e-06,0.25358,0.38937,0.11779,87.162,90.909,28.2,0.9766,0.4152,59.000,59/59/59,5.2780,0.5285
79,5.69366e-06,0.25327,0.38809,0.11845,87.204,90.659,26.4,0.9453,0.4192,59.000,59/59/59,5.2780,0.5487
80,5.22683e-06,0.25832,0.39680,0.11984,85.536,90.992,27.5,0.9688,0.4232,59.000,59/59/59,5.2780,0.5299
81,4.77976e-06,0.25783,0.39717,0.11849,84.861,91.159,28.1,0.9531,0.4273,59.000,59/59/59,5.2780,0.5159
82,4.35288e-06,0.25090,0.38834,0.11347,85.938,91.243,28.0,0.9609,0.4313,59.000,59/59/59,5.2780,0.5556
83,3.94663e-06,0.24863,0.38245,0.11482,86.360,91.410,29.1,0.9453,0.4354,59.000,59/59/59,5.2780,0.5171
84,3.56141e-06,0.24885,0.38709,0.11060,86.740,91.076,27.8,0.9219,0.4394,59.000,59/59/59,5.2780,0.5481
85,3.19759e-06,0.25328,0.38960,0.11696,86.212,91.326,28.0,0.9453,0.4434,59.000,59/59/59,5.2780,0.5663
86,2.85553e-06,0.25175,0.38879,0.11471,84.987,91.576,27.9,0.9219,0.4475,59.000,59/59/59,5.2780,0.5281
87,2.53557e-06,0.26123,0.40902,0.11344,83.383,91.410,28.1,0.9062,0.4515,59.000,59/59/59,5.2780,0.5580
88,2.23803e-06,0.26038,0.40207,0.11870,83.763,91.576,28.1,0.9609,0.4556,59.000,59/59/59,5.2780,0.5303
89,1.9632e-06,0.25786,0.39604,0.11968,87.416,91.493,29.1,0.9375,0.4596,59.000,59/59/59,5.2780,0.5340
90,1.71135e-06,0.25449,0.38994,0.11904,85.536,91.493,29.6,0.9375,0.4636,59.000,59/59/59,5.2780,0.5373
91,1.48273e-06,0.26062,0.40365,0.11758,85.156,91.576,28.6,0.9219,0.4677,59.000,59/59/59,5.2780,0.5628
92,1.27757e-06,0.24252,0.37350,0.11153,85.874,91.576,28.2,0.9609,0.4717,59.000,59/59/59,5.2780,0.5058
93,1.09606e-06,0.24390,0.37953,0.10826,87.901,91.576,27.2,0.9688,0.4758,59.000,59/59/59,5.2780,0.5432
94,9.38391e-07,0.26580,0.40570,0.12591,83.552,91.576,27.3,0.9297,0.4798,59.000,59/59/59,5.2780,0.5379
95,8.04714e-07,0.25911,0.40063,0.11759,83.763,91.493,26.7,0.9453,0.4838,59.000,59/59/59,5.2780,0.5425
96,6.95161e-07,0.25315,0.38872,0.11758,85.874,91.326,26.6,0.9922,0.4879,59.000,59/59/59,5.2780,0.5440
97,6.09841e-07,0.25910,0.39793,0.12026,85.705,91.493,28.1,0.9219,0.4919,59.000,59/59/59,5.2780,0.5217
98,5.48838e-07,0.26249,0.40636,0.11863,82.622,91.326,28.7,0.9609,0.4960,59.000,59/59/59,5.2780,0.5442
99,5.12213e-07,0.25374,0.39082,0.11665,82.221,91.493,28.2,0.9453,0.5000,59.000,59/59/59,5.2780,0.5567
