epoch,lr,train_loss,train_ce,train_kd,train_acc,val_acc,epoch_time_s
0,1e-06,0.63160,0.63160,,66.448,66.889,26.5
1,1.08e-05,0.52479,0.52479,,77.998,70.309,26.0
2,2.06e-05,0.46279,0.46279,,81.250,65.054,24.2
3,3.04e-05,0.41348,0.41348,,86.339,71.059,25.5
4,4.02e-05,0.41465,0.41465,,83.720,69.975,26.6
5,4.96953e-05,0.41680,0.41680,,82.770,75.813,26.3
6,4.95616e-05,0.39826,0.39826,,83.383,78.899,27.2
7,4.94039e-05,0.39477,0.39477,,84.502,79.066,27.6
8,4.92224e-05,0.39714,0.39714,,83.045,79.733,31.6
9,4.90173e-05,0.41552,0.41552,,85.959,82.152,30.0
10,4.87886e-05,0.39335,0.39335,,82.812,87.823,29.8
11,4.85368e-05,0.40214,0.40214,,84.692,85.321,30.0
12,4.8262e-05,0.41084,0.41084,,83.910,85.571,30.8
13,4.79644e-05,0.38774,0.38774,,87.500,84.070,31.5
14,4.76445e-05,0.39493,0.39493,,84.882,83.903,30.2
15,4.73024e-05,0.39738,0.39738,,82.876,81.902,28.5
16,4.69386e-05,0.38559,0.38559,,86.951,84.654,23.4
17,4.65534e-05,0.40707,0.40707,,86.296,86.155,26.3
18,4.61471e-05,0.40082,0.40082,,83.995,88.574,25.3
19,4.57202e-05,0.39554,0.39554,,84.565,87.740,26.0
20,4.52732e-05,0.38738,0.38738,,84.248,84.320,25.6
21,4.48063e-05,0.39577,0.39577,,85.895,85.405,26.9
22,4.43202e-05,0.39720,0.39720,,85.389,88.157,27.1
23,4.38152e-05,0.39053,0.39053,,85.642,86.572,33.3
24,4.3292e-05,0.38770,0.38770,,86.043,88.073,36.0
25,4.27509e-05,0.37651,0.37651,,85.241,86.822,35.1
26,4.21925e-05,0.40167,0.40167,,86.867,87.156,28.8
27,4.16175e-05,0.38975,0.38975,,86.529,83.403,26.7
28,4.10262e-05,0.38710,0.38710,,82.369,86.572,26.1
29,4.04194e-05,0.37678,0.37678,,87.183,87.239,24.3
30,3.97977e-05,0.37905,0.37905,,84.565,86.239,25.2
31,3.91616e-05,0.37139,0.37139,,84.037,89.074,28.2
32,3.85117e-05,0.38081,0.38081,,86.655,89.992,28.5
33,3.78488e-05,0.37456,0.37456,,89.590,87.823,26.1
34,3.71734e-05,0.37261,0.37261,,87.373,88.073,24.0
35,3.64863e-05,0.36197,0.36197,,83.340,87.239,26.1
36,3.5788e-05,0.38942,0.38942,,84.291,88.824,26.3
37,3.50794e-05,0.37014,0.37014,,88.007,88.991,27.0
38,3.43611e-05,0.38307,0.38307,,89.041,89.658,27.7
39,3.36338e-05,0.38794,0.38794,,85.557,89.324,28.5
40,3.28982e-05,0.38126,0.38126,,87.859,87.406,28.2
41,3.2155e-05,0.39278,0.39278,,87.373,87.656,27.3
42,3.14051e-05,0.37811,0.37811,,85.916,88.574,24.3
43,3.0649e-05,0.38863,0.38863,,87.014,86.822,25.3
44,2.98877e-05,0.37915,0.37915,,83.129,89.241,26.4
45,2.91218e-05,0.39023,0.39023,,82.897,88.157,27.2
46,2.8352e-05,0.37996,0.37996,,87.711,88.824,26.5
47,2.75792e-05,0.38366,0.38366,,84.861,90.325,27.4
48,2.68041e-05,0.37676,0.37676,,85.980,88.824,26.5
49,2.60274e-05,0.37535,0.37535,,85.473,88.407,26.3
50,2.525e-05,0.39325,0.39325,,87.753,88.073,25.0
51,2.44726e-05,0.37631,0.37631,,89.400,88.240,24.0
52,2.36959e-05,0.38987,0.38987,,82.158,87.990,25.6
53,2.29208e-05,0.38259,0.38259,,86.106,88.407,26.3
54,2.2148e-05,0.36777,0.36777,,85.895,87.823,26.2
55,2.13782e-05,0.37725,0.37725,,84.375,89.658,27.1
56,2.06123e-05,0.37803,0.37803,,88.281,89.741,28.1
57,1.9851e-05,0.38180,0.38180,,89.907,89.491,28.5
58,1.90949e-05,0.37353,0.37353,,86.085,88.490,27.0
59,1.8345e-05,0.36368,0.36368,,88.450,87.907,24.2
60,1.76018e-05,0.37044,0.37044,,87.331,89.992,26.9
61,1.68662e-05,0.37029,0.37029,,82.010,89.658,25.6
62,1.61389e-05,0.36243,0.36243,,88.260,89.741,28.0
63,1.54206e-05,0.37306,0.37306,,82.644,89.658,26.6
64,1.4712e-05,0.35524,0.35524,,83.742,89.241,27.0
65,1.40137e-05,0.37422,0.37422,,81.398,88.157,27.7
66,1.33266e-05,0.36035,0.36035,,86.318,89.074,27.1
67,1.26512e-05,0.35463,0.35463,,84.586,89.825,23.9
68,1.19883e-05,0.35536,0.35536,,87.352,89.658,24.7
69,1.13384e-05,0.36531,0.36531,,85.832,88.574,23.9
70,1.07023e-05,0.36981,0.36981,,88.028,89.158,24.0
71,1.00806e-05,0.35020,0.35020,,82.095,89.158,24.2
72,9.47376e-06,0.36839,0.36839,,86.106,88.991,24.5
73,8.88253e-06,0.39516,0.39516,,85.367,88.741,23.8
74,8.30746e-06,0.37980,0.37980,,83.805,89.658,24.2
75,7.74911e-06,0.39070,0.39070,,83.383,89.658,24.5
76,7.20803e-06,0.37506,0.37506,,85.938,89.658,23.8
77,6.68475e-06,0.38719,0.38719,,85.832,89.491,23.5
78,6.1798e-06,0.38107,0.38107,,86.993,89.575,24.4
79,5.69366e-06,0.34329,0.34329,,84.966,88.741,24.2
80,5.22683e-06,0.38273,0.38273,,82.622,88.741,23.8
81,4.77976e-06,0.39417,0.39417,,86.444,89.575,26.1
82,4.35288e-06,0.39476,0.39476,,83.974,89.491,25.4
83,3.94663e-06,0.37694,0.37694,,90.287,89.575,27.8
84,3.56141e-06,0.38054,0.38054,,84.945,89.324,27.9
85,3.19759e-06,0.37558,0.37558,,84.607,89.324,26.6
86,2.85553e-06,0.36963,0.36963,,88.556,89.324,26.6
87,2.53557e-06,0.38888,0.38888,,86.740,89.408,27.8
88,2.23803e-06,0.36330,0.36330,,84.459,89.408,24.8
89,1.9632e-06,0.37403,0.37403,,91.913,89.241,25.9
90,1.71135e-06,0.34109,0.34109,,81.060,89.158,26.2
91,1.48273e-06,0.37024,0.37024,,87.859,89.241,28.0
92,1.27757e-06,0.38320,0.38320,,86.043,89.241,28.1
93,1.09606e-06,0.38022,0.38022,,81.187,88.991,26.0
94,9.38391e-07,0.37803,0.37803,,84.101,89.158,27.1
95,8.04714e-07,0.36812,0.36812,,84.903,88.991,27.4
96,6.95161e-07,0.37478,0.37478,,85.114,89.158,25.8
97,6.09841e-07,0.34553,0.34553,,87.606,88.907,22.7
98,5.48838e-07,0.38032,0.38032,,86.486,88.991,22.6
99,5.12213e-07,0.36099,0.36099,,87.035,88.991,22.2
